{"cameraMode":{"drawMode":0,"name":"Shaded","section":"Shading Mode"},"sceneLighting":true,"audioPlay":false,"sceneViewState":{"m_AlwaysRefresh":true,"showFog":true,"showSkybox":true,"showFlares":true,"showImageEffects":true,"showParticleSystems":true,"showVisualEffectGraphs":true,"m_FxEnabled":true},"in2DMode":false,"pivot":{"x":0.5479745864868164,"y":0.5332581996917725,"z":-0.6667740345001221},"rotation":{"x":0.14222347736358643,"y":0.6204518675804138,"z":-0.11573240160942078,"w":0.7625595927238464},"size":0.869034469127655,"orthographic":false}