{"cameraMode":{"drawMode":0,"name":"Shaded","section":"Shading Mode"},"sceneLighting":true,"audioPlay":false,"sceneViewState":{"m_AlwaysRefresh":true,"showFog":true,"showSkybox":true,"showFlares":true,"showImageEffects":true,"showParticleSystems":true,"showVisualEffectGraphs":true,"m_FxEnabled":true},"in2DMode":false,"pivot":{"x":-2.682209014892578e-7,"y":-0.19647546112537385,"z":0.0025842785835266115},"rotation":{"x":0.2437785267829895,"y":0.6314483880996704,"z":-0.21904051303863526,"w":0.7027597427368164},"size":2.356740951538086,"orthographic":false}