{"cameraMode":{"drawMode":0,"name":"Shaded","section":"Shading Mode"},"sceneLighting":true,"audioPlay":false,"sceneViewState":{"m_AlwaysRefresh":true,"showFog":true,"showSkybox":true,"showFlares":true,"showImageEffects":true,"showParticleSystems":true,"showVisualEffectGraphs":true,"m_FxEnabled":true},"in2DMode":false,"pivot":{"x":1.1055999994277955,"y":0.8070000410079956,"z":0.005749937146902084},"rotation":{"x":-0.2552863657474518,"y":-0.5889669060707092,"z":0.20327243208885194,"w":-0.7394190430641174},"size":0.26175522804260256,"orthographic":false}