{"cameraMode":{"drawMode":0,"name":"Shaded","section":"Shading Mode"},"sceneLighting":true,"audioPlay":false,"sceneViewState":{"m_AlwaysRefresh":true,"showFog":true,"showSkybox":true,"showFlares":true,"showImageEffects":true,"showParticleSystems":true,"showVisualEffectGraphs":true,"m_FxEnabled":true},"in2DMode":false,"pivot":{"x":-0.0006372128846123815,"y":1.6802680492401124,"z":-0.0011766734533011914},"rotation":{"x":0.2540682852268219,"y":0.37437704205513,"z":-0.10728152096271515,"w":0.8853758573532105},"size":0.6013654470443726,"orthographic":false}