{"cameraMode":{"drawMode":0,"name":"Shaded","section":"Shading Mode"},"sceneLighting":true,"audioPlay":false,"sceneViewState":{"m_AlwaysRefresh":true,"showFog":true,"showSkybox":true,"showFlares":true,"showImageEffects":true,"showParticleSystems":true,"showVisualEffectGraphs":true,"m_FxEnabled":true},"in2DMode":false,"pivot":{"x":-0.12040001153945923,"y":-0.28300005197525027,"z":0.005750000476837158},"rotation":{"x":0.6043360829353333,"y":0.00008661960600875318,"z":0.00010668415779946372,"w":0.7967897653579712},"size":2.2932379245758058,"orthographic":false}