{"cameraMode":{"drawMode":0,"name":"Shaded","section":"Shading Mode"},"sceneLighting":true,"audioPlay":false,"sceneViewState":{"m_AlwaysRefresh":true,"showFog":true,"showSkybox":true,"showFlares":true,"showImageEffects":true,"showParticleSystems":true,"showVisualEffectGraphs":true,"m_FxEnabled":true},"in2DMode":false,"pivot":{"x":-0.9398149251937866,"y":0.5584107041358948,"z":0.7663376331329346},"rotation":{"x":0.22003166377544404,"y":0.4422799050807953,"z":-0.11292023956775665,"w":0.8621475100517273},"size":1.4031741619110108,"orthographic":false}