{"cameraMode":{"drawMode":0,"name":"Shaded","section":"Shading Mode"},"sceneLighting":true,"audioPlay":false,"sceneViewState":{"m_AlwaysRefresh":true,"showFog":true,"showSkybox":true,"showFlares":true,"showImageEffects":true,"showParticleSystems":true,"showVisualEffectGraphs":true,"m_FxEnabled":true},"in2DMode":false,"pivot":{"x":-0.3378112316131592,"y":1.0307365655899048,"z":-0.26962631940841677},"rotation":{"x":0.023835156112909318,"y":-0.9477190971374512,"z":0.3097555935382843,"w":0.07292448729276657},"size":1.033604621887207,"orthographic":false}