{"cameraMode":{"drawMode":0,"name":"Shaded","section":"Shading Mode"},"sceneLighting":true,"audioPlay":false,"sceneViewState":{"m_AlwaysRefresh":true,"showFog":true,"showSkybox":true,"showFlares":true,"showImageEffects":true,"showParticleSystems":true,"showVisualEffectGraphs":true,"m_FxEnabled":true},"in2DMode":false,"pivot":{"x":0.39954933524131777,"y":0.9250574111938477,"z":-0.5365620851516724},"rotation":{"x":-0.13038867712020875,"y":-0.3837895393371582,"z":0.05477948486804962,"w":-0.9125757813453674},"size":0.6013654470443726,"orthographic":false}